ID,BIRTHDATE,DEATHDATE,SSN,DRIVERS,PASSPORT,PREFIX,FIRST,LAST,SUFFIX,MAIDEN,MARITAL,RACE,ETHNICITY,GENDER,BIRTHPLACE,ADDRESS
d3ae6cdf-6637-4386-98d3-217933da5606,1945-04-27,1958-04-18,999-99-3396,Unknown,Unknown,Unknown,Pansy781,Olson699,Unknown,Unknown,Unknown,white,irish,M,Somerset MA US,315 Noe Ways Eastham MA 02642 US
3d97b9a9-bb49-4fb8-8b0b-c4911988b063,1998-10-16,1970-01-01,999-21-8589,S99940766,Unknown,Ms.,Felicita910,Lowe493,Unknown,Unknown,Unknown,white,polish,F,Boston MA US,5104 Ratke Union Eastham MA 02642 US
77da8246-0fa5-4624-897a-618079cb3d8e,1973-09-23,1970-01-01,999-85-4943,S99923504,false,Mr.,Isai332,Kreiger751,Unknown,Unknown,S,white,american,M,Newton MA US,118 Reichel Spring Apt. 498 Eastham MA 02642 US
93f15665-f1fe-4fb3-b171-4da2ef5074ec,1963-07-15,1970-01-01,999-31-8668,S99935283,X86877640X,Mrs.,Esmeralda939,Bednar563,Unknown,Grant535,M,white,irish,F,Belchertown MA US,967 Wiegand Crossroad Dennis MA 02638 US
d49c8b23-7b5b-4b40-9fbf-a4d59f0f4495,1944-01-14,1986-03-14,999-89-5280,S99915740,false,Mr.,Bianka222,Okuneva477,JD,Unknown,M,white,french,M,Athol MA US,633 Klein Terrace Eastham MA 02642 US
5a514799-d4c1-4b51-966f-2bfd7263ae75,1946-12-22,1970-01-01,999-93-8641,S99989586,X66980248X,Mrs.,Mya194,Kessler695,Unknown,Cartwright824,M,white,irish,F,Leominster MA US,725 Doyle Gardens Eastham MA 02642 US
7d6495e1-2bf4-4b8a-9e60-2c944707ee82,1942-08-12,1986-11-26,999-66-2926,S99949910,false,Mrs.,Kelley564,O'Reilly185,Unknown,Roberts178,M,white,irish,F,Wareham MA US,49177 Pearline Freeway Suite 612 Chatham MA 02633 US
5bf88efb-0c43-408b-8024-ade2e153b712,1969-12-20,1970-01-01,999-58-9512,S99927373,X27260202X,Mrs.,Shaniya457,O'Connell622,Unknown,Cruickshank876,M,white,italian,F,Malden MA US,87935 Von Road Brewster MA 02631 US
c4037ebc-b619-4b81-bb64-3058f7edbc3a,1965-10-04,1970-01-01,999-31-2066,S99931592,false,Mrs.,Justen316,Gusikowski591,Unknown,Price637,M,white,french,F,Leominster MA US,565 Alessandra Lodge Suite 734 Eastham MA 02642 US
3c539a71-9cc4-4f2c-ae55-1eaefb4c8683,1971-02-26,1970-01-01,999-58-9946,S99930471,X25755699X,Mr.,Selina509,Greenholt748,Unknown,Unknown,M,white,french_canadian,M,Boston MA US,88095 Yost Mountain Apt. 350 Eastham MA 02642 US
d5266075-a496-4712-a6bb-8e7f68ed552e,1955-12-27,2013-09-18,999-45-9290,S99964625,false,Mr.,Natasha205,Reilly906,Unknown,Unknown,S,white,german,M,Merrimac MA US,251 Durward Throughway Apt. 999 Eastham MA 02642 US
af131481-baf3-4fd6-8b18-a33e65bd306a,1985-12-03,1970-01-01,999-55-1520,S99945723,X29944122X,Mr.,Margie41,Weissnat619,Unknown,Unknown,M,white,irish,M,Lowell MA US,546 Pablo Walks Suite 959 Dennis MA 02638 US
f8e16ac9-611d-4315-9992-04c7b8887bda,1939-04-18,2016-10-25,999-88-6953,S99980545,false,Mr.,Gerry563,Ziemann220,Unknown,Unknown,M,white,irish,M,Fitchburg MA US,985 Haag Loaf Barnstable MA 02630 US
60386db7-1e41-4670-a75b-b0e8a293ad89,1962-10-31,1970-01-01,999-76-9883,S99956292,X82052752X,Mr.,Reggie447,Bogisich831,Unknown,Unknown,M,white,polish,M,Carver MA US,333 Rosenbaum Place Suite 589 Eastham MA 02642 US
de1613da-03f4-4e8e-959e-415b8a7351a5,1919-04-12,1972-01-11,999-48-9057,S99925889,false,Mr.,Donna216,Beer521,Unknown,Unknown,M,white,irish,M,Saugus MA US,3498 Jaskolski Trail Suite 312 Eastham MA 02642 US
916258bc-734d-4ba8-ba62-c87cb0fae3cb,1942-12-18,1970-01-01,999-96-7359,S99979221,false,Mrs.,Frederique467,Ledner3,Unknown,Stroman180,M,white,polish,F,Boston MA US,115 Devon Radial Eastham MA 02642 US
1f12447a-e1cb-460d-a51b-38aad0624fb3,1993-04-24,1970-01-01,999-80-7208,S99921056,false,Ms.,Jamaal581,Batz154,Unknown,Unknown,Unknown,white,irish,F,Westfield MA US,6038 Walker Terrace Apt. 483 Eastham MA 02642 US
13780e2f-675e-4f08-836a-62bc3b061db8,1954-08-07,1970-01-01,999-30-3367,S99941664,false,Ms.,Alphonso934,Harber199,Unknown,Unknown,S,white,french_canadian,F,Boston MA US,6474 Langosh Squares Eastham MA 02642 US
b10726f8-d3aa-41c0-9041-c898c4c121b5,1935-09-18,2001-01-24,999-45-8386,S99985669,X43755709X,Mrs.,Megane294,Swift300,Unknown,Harber199,M,white,english,F,Worcester MA US,5937 Lowe Mews Apt. 790 Eastham MA 02642 US
0cf4d997-e635-462d-894a-fa9e3b5e226a,1959-04-21,1970-01-01,999-90-1924,S99985446,X86636924X,Mr.,Leora85,Berge684,Unknown,Unknown,M,white,english,M,Great Barrington MA US,1428 Krajcik Mill Apt. 671 Bourne MA 02532 US
60d4b54c-261b-4b22-a469-218d04b7c1a1,1964-06-07,1970-01-01,999-25-4375,S99982672,X25210205X,Mr.,Rozella246,Stamm675,Unknown,Unknown,S,white,english,M,Danvers MA US,225 Hortense Corners Apt. 223 Eastham MA 02642 US
6554293a-f37f-4f5f-8740-1ba46f5d1173,1942-07-11,1967-05-27,999-77-9970,S99949072,X72578605X,Ms.,Tyson989,Daniel479,Unknown,Unknown,Unknown,white,irish,F,Stow MA US,1969 Hoppe Canyon Chatham MA 02633 US
e0aed00d-a8bc-4da0-87cb-cbd87b4c3860,1945-02-23,2009-03-06,999-71-3847,S99960234,false,Mr.,Talon50,Cummings120,Unknown,Unknown,S,white,irish,M,Boston MA US,76964 Clint Terrace Eastham MA 02642 US
cca2b9a3-f1e6-4d94-8998-806b127b5f84,2000-01-18,1970-01-01,999-44-8989,S99984877,Unknown,Unknown,Bell9,Feeney314,Unknown,Unknown,Unknown,white,irish,F,Waltham MA US,93997 Aniyah Springs Eastham MA 02642 US
8c6550bb-c8c5-4611-b9d8-7be1a5f42335,1907-01-17,1971-12-23,999-12-4625,S99942945,false,Mr.,Ian738,Turner704,Unknown,Unknown,M,white,american,M,North Andover MA US,17913 Milo Row Apt. 601 Eastham MA 02642 US
6bcf0d41-632b-4de5-822b-7b12c717bea9,1918-07-25,1949-11-17,999-30-3548,S99991070,false,Mr.,Josh690,Stokes62,Unknown,Unknown,M,white,irish,M,Chicopee MA US,752 Baumbach Port Suite 413 Eastham MA 02642 US
2ce93b3e-ebec-4650-9aff-08706930b087,1984-05-19,1970-01-01,999-67-5556,S99913995,X20349236X,Mr.,Ewell174,Pfannerstill874,Unknown,Unknown,M,white,irish,M,Rochester MA US,40075 Marques Walk Apt. 428 Eastham MA 02642 US
78205c61-8f16-4bca-a5e0-a22cb9d7fecf,1975-12-24,1970-01-01,999-31-8314,S99997168,X16491265X,Mrs.,Noel228,Aufderhar375,Unknown,Fadel933,M,white,irish,F,Worcester MA US,4895 Kassulke Lodge Suite 654 Eastham MA 02642 US
078ce3fd-a949-49c2-abae-2a473073f2e5,1977-12-27,1970-01-01,999-84-5359,S99994509,X42546069X,Mrs.,Serena984,Ondricka707,Unknown,Stark933,M,white,english,F,Bourne MA US,8254 Ocie Park Eastham MA 02642 US
9e2ffb62-5107-4d43-92af-37691829d86f,1988-07-22,1970-01-01,999-84-4775,S99930695,false,Ms.,Leonard898,Gleason78,Unknown,Unknown,S,white,irish,F,Dracut MA US,1803 Anderson River Eastham MA 02642 US
07ecdc7d-4319-4e59-b9a8-ab35c1668385,1974-12-10,1970-01-01,999-93-4933,S99962296,false,Mrs.,Aaliyah646,Rodriguez435,Unknown,Hettinger957,M,asian,asian_indian,F,Chatham MA US,333 Upton Springs Suite 562 Eastham MA 02642 US
6af38152-ba5a-495f-a06e-2c4599827ec9,1907-04-13,1929-06-08,999-22-3694,S99971683,X12569469X,Mr.,Maxwell690,Hintz969,Unknown,Unknown,Unknown,white,american,M,Fall River MA US,662 Gudrun Parks Eastham MA 02642 US
cf7fcaf6-6569-43c2-980d-a803cbac920a,1955-12-16,2010-10-21,999-88-4610,S99920934,X21223504X,Mrs.,Imogene362,Pagac930,Unknown,Weissnat619,M,white,swedish,F,Boston MA US,3977 Berge Pine Eastham MA 02642 US
ff34debd-b129-497c-b44e-560600eacb83,1962-11-06,1970-01-01,999-27-4903,S99980107,false,Mrs.,Kyla473,Cole242,Unknown,Hessel949,M,white,scottish,F,Mendon MA US,4660 Corwin Plaza Brewster MA 02631 US
b905b44f-7daa-40c5-bb95-cb82f3180f19,1955-12-04,1970-01-01,999-78-6636,S99940649,X81349131X,Mr.,Fabiola210,Morissette600,Unknown,Unknown,M,white,german,M,Wellfleet MA US,47128 Treutel Tunnel Eastham MA 02642 US
91130709-2a25-42a8-b911-602c46e47f5e,1943-11-19,1970-01-01,999-44-1540,S99928651,X10326489X,Mr.,Roselyn411,Abshire611,Unknown,Unknown,M,white,french,M,Quincy MA US,287 Franecki Way Suite 620 Eastham MA 02642 US
c05fac02-8a6d-48e5-9553-2be986c6db52,1963-08-07,2009-10-28,999-32-8124,S99918013,false,Mr.,Hellen728,Larkin576,Unknown,Unknown,M,white,portuguese,M,Brockton MA US,7692 Kari Loaf Eastham MA 02642 US
a3c9f461-c7c0-468b-b31f-6a9b3b18b293,2011-10-01,1970-01-01,999-97-4698,Unknown,Unknown,Unknown,Geovanni80,Schmitt509,Unknown,Unknown,Unknown,white,irish,F,Peabody MA US,83533 Carey Trace Barnstable MA 02630 US
ad840d0f-20e6-4dda-9d86-269458f04f05,2000-03-26,1970-01-01,999-19-5269,S99948070,Unknown,Unknown,Jeramie66,Buckridge922,Unknown,Unknown,Unknown,white,english,F,Weymouth Town MA US,9770 Pouros Streets Eastham MA 02642 US
4e106434-3675-42a9-bd4a-0ae30225ec2f,1989-10-03,1970-01-01,999-72-2756,S99988750,X51455989X,Mr.,Pattie879,Jakubowski957,Unknown,Unknown,M,white,english,M,Belchertown MA US,76114 Wiegand Avenue Apt. 225 Eastham MA 02642 US
9c50f2da-07fd-4c1e-9a1d-51e5e9b5f3a1,1942-07-25,1997-09-24,999-74-7260,S99924458,false,Mrs.,Lela985,Kuhic606,Unknown,Frami514,M,white,irish,F,Wenham MA US,73335 Luisa Shoal Suite 791 Chatham MA 02633 US
8066264e-e48c-43cb-b480-9d12efc683c7,1953-09-22,1970-01-01,999-83-1586,S99966476,X34502918X,Mr.,Addison427,Armstrong662,Unknown,Unknown,M,white,english,M,Plymouth MA US,1263 Mertie Extension Suite 869 Dennis MA 02638 US
5420259f-0d7d-48e5-9319-ef5a0f9efa30,1986-05-02,1970-01-01,999-92-1141,S99965860,X82030687X,Mr.,Nelda677,Morissette600,Unknown,Unknown,M,white,italian,M,Framingham MA US,88775 Tromp Plains Dennis MA 02638 US
dfc8bf6c-b7c0-492c-94a0-21b579d2d4e0,1939-05-10,1970-01-01,999-60-8838,S99962296,X40051728X,Mr.,Ken173,Braun162,Unknown,Unknown,M,white,irish,M,Sterling MA US,733 Kaleigh Ports Suite 332 Barnstable MA 02630 US
1d26cd0e-4a8f-400a-997b-72eb416362be,1956-06-17,1970-01-01,999-25-7375,S99930218,X50384695X,Ms.,Alexis893,Barton127,Unknown,Unknown,S,white,irish,F,Carver MA US,828 Ahmed Rapid Apt. 127 Bourne MA 02532 US
05a4c864-f2bd-4595-8d01-a09d28825913,2014-03-08,1970-01-01,999-39-7512,Unknown,Unknown,Unknown,Jaycee70,Herzog437,Unknown,Unknown,Unknown,white,portuguese,M,Springfield MA US,1274 DuBuque Views Apt. 915 Barnstable MA 02630 US
e3271ccd-3014-409f-8e49-8f7539146efe,1907-05-01,1941-08-20,999-39-5636,S99938576,false,Mr.,Alene883,Shields707,Unknown,Unknown,S,white,american,M,Boston MA US,68468 Khalid Isle Eastham MA 02642 US
b7d52829-5637-466d-acd9-d9ea5595c3cb,1952-03-08,1989-09-02,999-39-2432,S99977443,X61553116X,Mrs.,Eudora958,Torp16,Unknown,Nienow312,M,white,irish,F,Westfield MA US,781 Carter Valley Suite 269 Brewster MA 02631 US
d344c885-f61f-44d3-af08-7eb742192992,1935-12-05,1970-01-01,999-21-6341,S99929844,X81755100X,Mrs.,Rowena617,Schroeder96,Unknown,Baumbach589,M,white,english,F,Weymouth Town MA US,92901 Annetta Plaza Apt. 967 Eastham MA 02642 US
cfebb52d-2864-4a00-88f1-0331dc93776c,1962-12-03,1970-01-01,999-20-6793,S99990040,false,Mrs.,Larry677,Weissnat619,Unknown,Quigley480,M,white,french_canadian,F,Lynn MA US,3540 Crist Dale Apt. 442 Eastham MA 02642 US
d40cc853-4d74-4fda-87c7-6e2e3b110bfe,1961-10-17,1970-01-01,999-39-7718,S99918786,X96172321X,Mr.,Christine580,Runte133,Unknown,Unknown,S,white,german,M,Newburyport MA US,78722 Collins Street Eastham MA 02642 US
34d039d1-d378-4a32-a157-ace86510fb19,1918-06-27,1986-08-14,999-17-3193,S99970513,X47393871X,Mr.,Arnold497,Streich11,Unknown,Unknown,M,white,irish,M,Holyoke MA US,7695 Joanie Terrace Apt. 264 Eastham MA 02642 US
0d0c5021-431d-421f-8e0f-1f523f972171,1944-09-07,1970-01-01,999-49-2594,S99912296,X76087237X,Mr.,Jammie232,Konopelski252,Unknown,Unknown,M,white,irish,M,Cambridge MA US,35249 Riley Coves Eastham MA 02642 US
3709b760-2e56-4805-ba81-f1ff38a80df3,1991-11-26,1970-01-01,999-44-2664,S99999164,false,Mr.,Retha997,Prosacco467,Unknown,Unknown,Unknown,white,irish,M,Uxbridge MA US,307 Dwight Estates Bourne MA 02532 US
103da1d4-ff11-408b-9829-cc40be6b0265,1951-10-22,1962-06-03,999-12-9645,Unknown,Unknown,Unknown,Sim42,Collier923,Unknown,Unknown,Unknown,white,irish,F,Medford MA US,8782 Mohr Roads Apt. 114 Brewster MA 02631 US
701aae58-c6d0-4bee-9d6e-cc83088113b6,1947-07-18,2002-07-26,999-71-7812,S99964385,false,Mr.,Lexus651,Quitzon525,Unknown,Unknown,S,white,english,M,Westborough MA US,21447 Johnston Viaduct Bourne MA 02532 US
d9c68d16-2d33-4cb2-9570-4d0e30e2842d,1962-11-15,1970-01-01,999-66-1113,S99917827,X62946706X,Mrs.,Ana247,Prohaska606,Unknown,Nader490,M,white,english,F,Concord MA US,97143 Rhett Spring Barnstable MA 02630 US
54ca1d0b-37f6-4553-9ae6-d92b9cb3cce9,1953-10-30,2012-11-09,999-18-1954,S99929599,false,Mr.,Gerda612,Oberbrunner103,Unknown,Unknown,M,white,english,M,Medford MA US,489 Heidenreich Flat Dennis MA 02638 US
0bf42089-108e-4184-a899-f0e3e4ad9185,1994-02-08,1970-01-01,999-19-7566,S99997865,X80452248X,Ms.,Abbigail338,Yundt692,Unknown,Unknown,Unknown,white,irish,F,West Bridgewater MA US,505 Nichole Harbors Eastham MA 02642 US
aec6ec81-0aba-4b35-877e-70ac8f82a481,1964-04-27,1970-01-01,999-57-9135,S99929363,false,Mr.,Gerard930,Lueilwitz132,Unknown,Unknown,M,white,portuguese,M,Orange MA US,40714 Torp Stream Suite 976 Eastham MA 02642 US
50b8e850-0c2a-469b-82b0-c283f8d8ffd5,1955-10-21,1970-01-01,999-63-4703,S99915479,false,Mrs.,Clair452,Bauch143,Unknown,Keeling376,M,white,swedish,F,Waltham MA US,83588 Hermann Throughway Suite 777 Eastham MA 02642 US
77835ca7-9c70-45d2-8366-e267af9ff931,1951-12-30,1970-01-01,999-43-4821,S99941043,X93159473X,Mr.,Shyanne409,Stiedemann204,Unknown,Unknown,M,white,italian,M,Everett MA US,7993 DuBuque Ways Eastham MA 02642 US
238dd1db-acbc-44ad-93cf-0f37210709d5,1953-11-19,1984-02-04,999-27-3769,S99945358,false,Ms.,Linda231,Hilll263,Unknown,Unknown,S,white,italian,F,Nantucket MA US,150 Eryn Fork Dennis MA 02638 US
a585ae96-b91a-40bb-bc0b-3df124802085,1980-12-17,1970-01-01,999-72-5249,S99961217,false,Mrs.,Jamie808,Braun162,Unknown,Rutherford303,M,white,american,F,Middleborough MA US,92356 Keanu Vista Apt. 331 Bourne MA 02532 US
3e0d2bb3-5042-4b13-92a3-9c16359e880f,1965-08-12,1970-01-01,999-56-9326,S99996196,X89121475X,Mrs.,Geovanny709,Lakin227,Unknown,Lemke426,M,white,english,F,Shrewsbury MA US,745 Orn Junctions Barnstable MA 02630 US
a28e2bec-f617-4dba-97ad-042bdc2d051b,1995-07-09,1970-01-01,999-17-2207,S99977170,false,Ms.,Fiona348,Osinski411,Unknown,Unknown,Unknown,white,irish,F,New Bedford MA US,37979 Wilderman Estates Brewster MA 02631 US
13451a6f-2401-4ade-ab7a-db31b227cee3,1999-12-06,1970-01-01,999-23-3108,S99982330,Unknown,Unknown,Skyla499,McKenzie305,Unknown,Unknown,Unknown,white,irish,F,Melrose MA US,87104 Fredrick Cape Dennis MA 02638 US
5c6ff6b0-20f8-4aea-a094-02dda2afa2ad,1965-12-22,1970-01-01,999-96-1016,S99974520,X23571919X,Mr.,Kraig541,Rosenbaum734,Unknown,Unknown,M,asian,asian_indian,M,Springfield MA US,516 Louvenia Shores Bourne MA 02532 US
a414b142-b099-48dc-91a2-d2a7b28dc66f,1948-05-15,1970-01-01,999-29-6886,S99944917,X70525023X,Ms.,Ted396,Nicolas329,Unknown,Unknown,S,white,irish,F,Shrewsbury MA US,2928 Buford Wells Bourne MA 02559 US
bc1d4978-5e32-4449-a14d-b9c9a70e3707,1940-05-08,1970-01-01,999-67-8824,S99989435,X26315934X,Mr.,Colin15,Corkery312,Unknown,Unknown,M,white,polish,M,Brewster MA US,3406 Miles Mall Suite 931 Bourne MA 02559 US
c342b0c2-9847-4960-9b47-fefc547d68f0,1940-05-28,1976-05-14,999-46-4953,S99916682,X68505507X,Mrs.,Desmond943,Hegmann255,Unknown,Schamberger112,M,white,irish,F,Wilbraham MA US,732 Abdiel Forges Eastham MA 02642 US
2d896e57-7d64-47be-bf58-21752e4d2947,1907-03-01,1974-07-12,999-74-3807,S99961489,X88150773X,Mr.,Florencio497,Ritchie454,Unknown,Unknown,M,white,american,M,Lynn MA US,17552 Lowell Light Suite 872 Eastham MA 02642 US
d887585b-4ceb-4877-90ce-f69f74cc8c13,1985-10-18,1970-01-01,999-90-8206,S99918804,X19822413X,Mr.,Isaac684,Stehr266,Unknown,Unknown,M,hispanic,mexican,M,Norton MA US,351 Huels Plains Bourne MA 02559 US
6573d451-8948-4c68-b094-b7546a9e082b,1948-02-27,2008-09-26,999-90-5000,S99963410,X53959547X,Mr.,Dedrick368,Beer521,Unknown,Unknown,M,white,english,M,Sterling MA US,43741 Vandervort Junction Bourne MA 02559 US
4a61056a-f239-41cc-b8c3-b9713cb7eca3,1942-12-11,1970-01-01,999-49-3786,S99944392,false,Mrs.,Flavio398,Stroman180,Unknown,Bailey657,M,white,irish,F,Saugus MA US,348 Electa Passage Apt. 879 Chatham MA 02633 US
97ff8232-f430-4c38-8278-69bb0e8f64ba,1989-04-22,1970-01-01,999-46-6853,S99916480,X22892696X,Mrs.,Jeffry557,Schaefer148,Unknown,Kassulke64,M,white,french,F,Worcester MA US,7897 Runte Square Apt. 337 Brewster MA 02631 US
772ef6bb-86a0-41b1-a0eb-9cfdc7768993,1968-10-24,1970-01-01,999-24-2096,S99972733,false,Mrs.,Mariane541,Jaskolski12,Unknown,Moore456,M,white,english,F,Easton MA US,2801 Giles Junctions Apt. 880 Dennis MA 02638 US
42cd156b-e7a5-46f4-af5b-d2abc009d823,2010-12-28,1970-01-01,999-98-4193,Unknown,Unknown,Unknown,Brannon413,Ondricka707,Unknown,Unknown,Unknown,white,portuguese,F,Dedham MA US,5095 Heidenreich Extensions Apt. 820 Chatham MA 02633 US
6b1bd1a4-b535-46ce-8efa-e1bd520771a9,1960-07-16,2000-06-15,999-37-5760,S99991494,X64135189X,Ms.,Dessie321,Schamberger112,Unknown,Unknown,S,white,german,F,Fitchburg MA US,944 Effertz Orchard Barnstable MA 02630 US
fd17ef78-aa45-4570-8c59-c70f1827c41b,1918-08-26,1999-03-08,999-29-6671,S99921026,false,Mr.,Tierra426,Mante456,Unknown,Unknown,M,white,irish,M,Springfield MA US,1814 Schmeler Trail Apt. 736 Eastham MA 02642 US
7d8b3d13-14a9-451f-917f-79708d58766e,1934-12-13,2011-05-05,999-32-5916,S99913301,X29097166X,Mrs.,Christ376,Herzog437,Unknown,Ledner3,M,white,irish,F,Newton MA US,50395 Hilll Vista Brewster MA 02631 US
36a0335c-403c-499f-aff6-dcbd02672a75,2003-04-12,1970-01-01,999-57-9111,Unknown,Unknown,Unknown,Reba57,Pollich854,Unknown,Unknown,Unknown,white,english,F,Lakeville MA US,9472 Ziemann Burgs Suite 767 Brewster MA 02631 US
be304733-8dd5-463c-8fba-bc6b4e00622b,1952-04-19,1970-01-01,999-36-4164,S99946365,false,Mrs.,Peter70,Purdy670,Unknown,Kshlerin253,M,white,irish,F,Worthington MA US,52101 Nikolaus Spring Apt. 779 Brewster MA 02631 US
4bed2a62-9fe0-492f-9df0-7966177715cc,1976-12-11,1970-01-01,999-55-7924,S99967567,false,Mrs.,Ashlee33,Wyman886,Unknown,Boyer430,M,white,french,F,New Bedford MA US,7400 Kenton Falls Bourne MA 02559 US
581175fb-c4fe-4885-9d28-403155f7b80c,2011-07-30,1970-01-01,999-23-3084,Unknown,Unknown,Unknown,Santiago538,Hartmann736,Unknown,Unknown,Unknown,white,french,F,Brookline MA US,8104 Tiffany Way Suite 722 Brewster MA 02631 US
7254c7b4-2a46-49fc-94a1-39723c6fd9b6,1968-03-24,1970-01-01,999-97-8779,S99924512,false,Mrs.,Maximo61,Kovacek199,Unknown,Renner46,M,white,german,F,Woburn MA US,976 Mohammed Gardens Bourne MA 02532 US
f321773b-3b53-4da1-9a93-2bfbcb01cd23,1953-08-31,1970-01-01,999-30-5694,S99934209,X60732087X,Ms.,Neva164,Wilkinson236,Unknown,Unknown,S,white,italian,F,Lynn MA US,59165 Cormier Passage Dennis MA 02638 US
922d2276-71d9-4499-8434-df5dff6f8b2d,1948-08-28,1998-04-25,999-82-8876,S99947913,false,Mr.,Stefanie721,Ratke351,Unknown,Unknown,M,white,french,M,Hull MA US,3630 Arturo Expressway Brewster MA 02631 US
ba7bf087-8418-4413-b3d9-16c75bc65a60,1953-09-01,1970-01-01,999-19-5356,S99961911,false,Mr.,Desiree991,Durgan86,Unknown,Unknown,M,white,english,M,Cambridge MA US,710 Tierra Union Suite 401 Dennis MA 02638 US
2cdf3623-0162-49ea-97f0-21bc3a8f73f6,1941-10-04,1970-01-01,999-80-9527,S99997218,false,Mr.,Wiley167,Nolan526,Unknown,Unknown,S,white,english,M,Spencer MA US,20519 Aufderhar Wall Apt. 568 Brewster MA 02631 US
cadc8f5b-b4c8-43ff-99ed-18c6c9655359,2011-12-15,1970-01-01,999-97-5461,Unknown,Unknown,Unknown,Tito276,Ryan133,Unknown,Unknown,Unknown,white,french_canadian,F,Fitchburg MA US,9492 Lela Islands Barnstable MA 02630 US
b70ae4fb-ce2c-4498-9164-f56013ef4aab,2007-07-03,1970-01-01,999-63-2623,Unknown,Unknown,Unknown,Lexie734,Rolfson570,Unknown,Unknown,Unknown,white,swedish,F,Franklin Town MA US,772 Dietrich Vista Suite 407 Barnstable MA 02630 US
b904af5e-b972-41ee-968b-06d8be0dbd0b,1967-07-14,1970-01-01,999-66-5899,S99962476,X97891172X,Ms.,Oma747,Boyle584,Unknown,Unknown,S,white,french,F,Canton MA US,147 Waelchi Avenue Bourne MA 02532 US
e5c6b536-942e-4f1e-9a1c-5f5573b07a2d,1960-09-09,1980-07-18,999-34-5516,S99962516,Unknown,Ms.,Dimitri109,Kunde76,Unknown,Unknown,Unknown,white,italian,F,Medford MA US,42584 Hyman Drives Suite 716 Dennis MA 02638 US
65e65580-4750-4bfb-9a27-76e8acb18c57,1959-01-06,2008-11-04,999-41-9445,S99994111,X72292031X,Ms.,Caroline717,Veum19,Unknown,Unknown,S,white,irish,F,Brookline MA US,886 Reinger Knoll Brewster MA 02631 US
0bb76593-4125-4815-882c-30109026a5d2,1967-07-29,1970-01-01,999-64-1108,S99958084,X13513515X,Mr.,Garland744,Toy411,Unknown,Unknown,S,white,french_canadian,M,Falmouth MA US,5021 Stehr Parkway Brewster MA 02631 US
68d59b2b-4571-41f5-9a24-e12404ae242c,1998-12-27,1970-01-01,999-75-9458,S99985006,Unknown,Ms.,Ewald595,Lowe493,Unknown,Unknown,Unknown,white,german,F,Boston MA US,802 Streich Lock Suite 561 Barnstable MA 02630 US
eba99e76-f3ed-46cb-a3a7-386e61cb63ee,1907-03-07,1987-10-08,999-29-2818,S99985810,false,Mr.,Cara144,Cormier908,Unknown,Unknown,M,white,american,M,Hamilton MA US,94239 Gretchen Gateway Apt. 834 Eastham MA 02642 US
fe4dd7e5-05c6-48df-b707-b94bc6223f73,1968-04-16,1970-01-01,999-46-1390,S99988423,false,Mrs.,Jo59,Weimann154,Unknown,Welch367,M,white,german,F,Amherst MA US,80144 Deangelo Mission Suite 648 Bourne MA 02532 US
e8965bae-e6f3-49ef-bb80-8592b9cdcb57,1958-11-27,1978-05-04,999-53-6637,S99971236,Unknown,Ms.,Carolanne997,Von562,Unknown,Unknown,Unknown,white,irish,F,Revere MA US,1824 Marquardt Ports Brewster MA 02631 US
9af4600b-b5e6-4701-b152-0c4c90d6c0ce,1934-10-01,1998-03-18,999-97-7849,S99941676,false,Ms.,Katheryn62,Hahn546,Unknown,Unknown,S,white,irish,F,Milton MA US,51610 Mante Junction Suite 674 Brewster MA 02631 US
24d108d8-9421-4fab-b685-0f9c2148f902,1964-06-09,1970-01-01,999-60-6238,S99939042,false,Mrs.,Alphonso934,Witting42,Unknown,Gibson264,M,white,irish,F,Acushnet MA US,223 Candido Overpass Barnstable MA 02630 US
826a887c-fd3d-4d85-8034-6261a6816fac,1947-11-18,1970-01-01,999-43-9992,S99921786,false,Mr.,Trevion887,Schowalter919,Unknown,Unknown,M,white,english,M,Bourne MA US,2074 Zula Wells Apt. 265 Bourne MA 02559 US
5f6a8a4e-37cb-4e27-9a2c-8f37f6b1eab7,1960-12-12,1970-01-01,999-33-5461,S99910358,X78781295X,Mrs.,Deborah325,Hills708,Unknown,Hilpert629,M,white,english,F,Winchester MA US,595 Tanner Inlet Brewster MA 02631 US
3d4df409-413d-4874-9ab0-7a819b0e2fdd,1999-02-03,1970-01-01,999-55-7168,S99992684,Unknown,Ms.,Clotilde796,Ankunding739,Unknown,Unknown,Unknown,white,irish,F,Lowell MA US,275 Derrick Square Apt. 506 Eastham MA 02642 US
c0ae9fea-53e1-425c-94af-0d66be5c6b21,1940-05-02,1970-01-01,999-41-9785,S99933472,X78238046X,Mrs.,Quinton687,Lockman497,Unknown,Moore456,M,white,irish,F,Arlington MA US,65762 Joana Mills Suite 852 Eastham MA 02642 US
889c7900-e890-45c2-a520-36d80c16b79f,1960-12-15,1970-01-01,999-57-8745,S99973242,false,Mrs.,Clara775,Ledner3,Unknown,Moen889,M,white,german,F,Arlington MA US,3453 Linnea Ferry Barnstable MA 02630 US
0622b115-ab5e-4fd8-a74a-82c8cbc26f88,1932-01-13,2014-05-28,999-94-8699,S99960096,X71624626X,Mr.,Felipe520,Orn772,Unknown,Unknown,S,white,german,M,Methuen Town MA US,612 Adolph Station Apt. 697 Chatham MA 02633 US
6aaed331-211d-4b79-bc87-f909e9adca63,1970-02-06,1970-01-01,999-34-9596,S99999532,false,Mr.,Elaina27,Crooks652,Unknown,Unknown,S,white,french,M,Holyoke MA US,34406 Schimmel Harbor Suite 317 Bourne MA 02532 US
f62cf2cb-13f3-4872-8f35-aeb2d85dac93,1948-06-19,2007-04-26,999-95-2668,S99994947,false,Mr.,Ward511,Hamill274,Unknown,Unknown,M,white,irish,M,Shrewsbury MA US,461 Wunsch Inlet Barnstable MA 02630 US
b92445f2-2fb5-45ee-b440-6ace5e19facf,1929-12-20,1970-01-01,999-26-4277,S99914056,X87858590X,Mr.,Mona841,Feil152,Unknown,Unknown,M,white,irish,M,Boston MA US,497 Devon Island Eastham MA 02642 US
6f3429d4-d85a-4eb2-8f8e-bfe886b26ead,1947-04-20,1966-08-28,999-90-6787,S99947867,Unknown,Ms.,Mylene392,Langworth985,Unknown,Unknown,Unknown,white,french,F,Sandwich MA US,1305 Oswaldo Shores Eastham MA 02642 US
9cdc895a-6caf-4efc-8145-0a6ff47ce251,1948-07-20,1970-01-01,999-19-8779,S99977024,false,Mr.,Charles925,Kunde76,Unknown,Unknown,M,white,french,M,Somerset MA US,6317 Hudson Grove Suite 483 Brewster MA 02631 US
b7626109-b33c-4e2a-8c6b-e57ea9a9acd4,1943-05-17,1970-01-01,999-33-1340,S99921021,false,Mrs.,Joel273,Frami514,Unknown,Schiller788,M,white,english,F,Billerica MA US,93119 Robb Curve Brewster MA 02631 US
da6079e5-e49a-446b-972c-523c2b7f4777,2001-04-30,1970-01-01,999-45-9503,S99971809,Unknown,Unknown,Kadin42,Moen889,Unknown,Unknown,Unknown,white,french,F,Boston MA US,86356 Towne Ports Eastham MA 02642 US
9bcfb83f-3978-46bd-a138-7ede5ca2937b,1928-06-27,1955-02-16,999-30-4382,S99932574,false,Mr.,Efren948,Doyle437,Unknown,Unknown,Unknown,white,american,M,Dartmouth MA US,40891 Witting Freeway Eastham MA 02642 US
1256fd21-6c3f-4f95-a31b-6426ec482565,1989-06-17,1970-01-01,999-21-7032,S99946061,X72723099X,Mr.,Hershel15,Douglas657,Unknown,Unknown,S,white,portuguese,M,Canton MA US,12957 Weissnat Field Eastham MA 02642 US
3fd12c87-17cb-4428-b216-0e32d2dce15a,1948-12-03,1961-07-21,999-56-6701,Unknown,Unknown,Unknown,Adalberto902,Ratke351,Unknown,Unknown,Unknown,white,irish,M,Stoneham MA US,755 Larson Squares Suite 497 Barnstable MA 02630 US
59fa2ce1-a2ba-46e4-a20e-39febaa856a2,1992-07-31,1970-01-01,999-32-2488,S99956059,X35756894X,Mr.,Esther963,Muller695,Unknown,Unknown,Unknown,white,french,M,Peabody MA US,48202 Maggio Throughway Suite 759 Eastham MA 02642 US
2d86b453-e40d-44a2-bb2f-7f972e0f0029,1991-11-07,1970-01-01,999-29-9253,S99978334,false,Ms.,Easter776,Sauer268,Unknown,Unknown,Unknown,white,irish,F,Winthrop Town MA US,51770 Kemmer Grove Apt. 213 Barnstable MA 02630 US
291662a8-50d2-463c-a8b4-56a02ffdf0a2,1964-11-20,1970-01-01,999-88-7225,S99997501,X25634932X,Mr.,Darrell21,Lindgren769,Unknown,Unknown,M,white,portuguese,M,Whitman MA US,87988 Trey Ports Apt. 692 Barnstable MA 02630 US
c504307c-307e-4d8b-b29c-d23fbc128dc2,1981-09-04,1970-01-01,999-74-9870,S99910695,false,Mr.,Josianne844,Marquardt433,Unknown,Unknown,M,asian,chinese,M,Athol MA US,90838 Joanne Squares Eastham MA 02642 US
689702e8-4f60-496f-a4fc-f85ecf94a514,1961-02-14,1970-01-01,999-20-9729,S99928369,X33197328X,Ms.,Brice799,Reinger558,Unknown,Unknown,S,white,italian,F,Billerica MA US,2860 Weber Island Dennis MA 02638 US
150fa25b-dfa0-4798-92f8-991b17c96b50,1983-10-29,1970-01-01,999-62-8321,S99983845,X89305780X,Mr.,Philip755,Paucek740,Unknown,Unknown,S,white,english,M,Worcester MA US,739 Marian Walk Apt. 289 Barnstable MA 02630 US
8014af45-97cd-447e-a321-9653b2bc342c,1943-11-08,1978-01-23,999-61-1733,S99987201,X20863773X,Mr.,Hertha117,Hauck487,Unknown,Unknown,M,white,english,M,Bolton MA US,6877 Nader Hollow Suite 269 Barnstable MA 02630 US
fe825619-a00a-4169-a70e-70874df1db36,1981-07-22,1970-01-01,999-28-6471,S99964947,false,Mr.,Damian886,Rosenbaum734,Unknown,Unknown,M,white,irish,M,Chelsea MA US,345 Olga Unions Barnstable MA 02630 US
46b8f6c6-ffc3-4256-ac59-de373f3ea757,1981-07-07,1970-01-01,999-10-8575,S99953196,X34269342X,Mrs.,Brice799,Schamberger112,Unknown,Shanahan55,M,white,russian,F,Leominster MA US,21232 Brekke Via Apt. 650 Bourne MA 02532 US
7470b356-89bf-4a33-bbf8-7af44cabd540,1965-08-08,1970-01-01,999-93-6244,S99986299,false,Mr.,Milan841,Schuppe693,Unknown,Unknown,M,white,german,M,Salisbury MA US,705 O'Conner Lodge Apt. 661 Eastham MA 02642 US
57a9f244-1887-448c-87e9-0f4e7dd525e8,1934-07-12,1989-01-19,999-67-9007,S99919050,X42554862X,Mrs.,Noemie2,Bailey657,Unknown,Trantow746,M,white,irish,F,Fall River MA US,9142 Klein Glens Brewster MA 02631 US
f7d63b11-9d1d-4bae-96b7-a9e4230ef6df,1982-06-11,1970-01-01,999-93-1095,S99913111,X91466845X,Mrs.,Lambert426,Grimes303,Unknown,Kuphal352,M,white,polish,F,North Attleborough MA US,574 Justice Islands Eastham MA 02642 US
54142d92-7174-44a4-87a6-2a3cdbf0adf6,1959-04-10,1970-01-01,999-71-8146,S99990495,X36848123X,Ms.,Chaz695,Nitzsche755,Unknown,Unknown,S,white,irish,F,Boston MA US,5608 Walton Causeway Brewster MA 02631 US
257a121e-e103-40c7-9bd2-98fbe76b0c1c,1981-05-12,1970-01-01,999-83-6757,S99987207,X92819770X,Mr.,Kelvin264,Metz969,Unknown,Unknown,M,white,portuguese,M,Dartmouth MA US,93959 Kolby Road Apt. 722 Dennis MA 02638 US
4e2647fd-bf8c-4583-a053-d03586e5d9b4,1948-07-24,1998-11-21,999-96-7636,S99927476,X93548915X,Mr.,Shad124,Bins896,Unknown,Unknown,M,white,irish,M,Randolph MA US,8524 Johns Landing Suite 510 Barnstable MA 02630 US
aa173545-6836-4b34-8654-82612ad2164f,1970-09-15,1970-01-01,999-57-8305,S99961759,false,Ms.,Veronica389,Price637,Unknown,Unknown,S,black,west_indian,F,Salem MA US,54252 Citlalli Station Apt. 841 Brewster MA 02631 US
d3982e97-0d87-4eb2-8c2e-7c06d9e7989d,1943-04-15,1999-07-01,999-37-3544,S99963518,X21514226X,Mr.,Donnie724,Schuppe693,Unknown,Unknown,M,white,german,M,Methuen Town MA US,44763 Barton Coves Bourne MA 02532 US
f7249592-bc8b-41c4-ae4d-f4bfbdda5c26,1931-06-06,2011-09-17,999-38-8610,S99995056,X98713637X,Mr.,Marilou959,Rolfson570,Unknown,Unknown,M,white,german,M,Wrentham MA US,5346 Turcotte Ridge Suite 904 Chatham MA 02633 US
83572b09-3d9d-4bbb-8a84-aa5a71ffca83,1991-05-04,1970-01-01,999-29-5284,S99982069,false,Ms.,Evans813,Okuneva477,Unknown,Unknown,Unknown,white,irish,F,Burlington MA US,392 Johanna Common Chatham MA 02633 US
e32351f8-c700-4528-ad07-3817d8ad4a69,1953-04-16,1970-01-01,999-81-8560,S99981729,false,Mr.,Stephany212,Weber393,Unknown,Unknown,M,white,irish,M,Brockton MA US,783 London Corners Bourne MA 02532 US
5c04ab85-9709-47bb-aba8-5a0624a1ce84,1947-05-11,1970-01-01,999-56-9592,S99979025,X35113247X,Mrs.,Nakia932,Heidenreich341,Unknown,Luettgen352,M,white,french,F,Adams MA US,68537 Graham Manor Eastham MA 02642 US
6e703c18-77ab-4d11-91ae-36c59d352e4c,1956-06-11,1970-01-01,999-87-5806,S99943789,X21743824X,Mr.,Josie160,Bergstrom186,Unknown,Unknown,S,hispanic,puerto_rican,M,Medford MA US,8663 Hollie Locks Apt. 801 Barnstable MA 02630 US
ade72229-180c-417b-9537-20a740c95af2,1928-10-19,2004-07-28,999-97-9572,S99957706,false,Mr.,Alia114,Bauch143,Unknown,Unknown,M,white,american,M,Canton MA US,5074 River Mountains Suite 368 Eastham MA 02642 US
d07bffb9-6b97-430c-b95f-7685d84ef294,1986-02-02,1970-01-01,999-63-1012,S99935253,false,Mr.,Scarlett454,Miller146,Unknown,Unknown,M,white,italian,M,Framingham MA US,10600 Paucek Landing Brewster MA 02631 US
b0e605f7-3b25-49f1-aee6-9d210e1e88a2,1947-03-04,1998-06-30,999-89-3900,S99915252,false,Mr.,Maximilian44,Rath832,Unknown,Unknown,S,white,irish,M,Malden MA US,4075 Hansen Junctions Eastham MA 02642 US
a6a3ff63-4926-47f7-9aed-04872319cc28,1944-02-20,2002-01-17,999-41-2554,S99921880,X82492179X,Mr.,Anderson574,Rogahn51,Unknown,Unknown,S,white,english,M,Northampton MA US,9562 Schoen Locks Barnstable MA 02630 US
75f28937-c2ae-477d-a98c-cfb382fc3356,1965-06-30,1970-01-01,999-50-7339,S99983610,X60948212X,Mr.,Emmet811,Moen889,Unknown,Unknown,M,white,russian,M,Chicopee MA US,440 Cole Groves Brewster MA 02631 US
e5dcbaef-d0b1-42ea-8748-dfbec7b0cf85,1944-10-10,2010-09-21,999-75-8974,S99981434,false,Mr.,Franco418,Ledner3,Unknown,Unknown,M,white,english,M,Foxborough MA US,11368 Aryanna Crescent Chatham MA 02633 US
36765f6f-1a51-4658-8a1c-3f79d62027fd,1950-02-12,2009-08-19,999-93-8779,S99980581,X72439531X,Mr.,Orpha255,Barton127,Unknown,Unknown,M,white,irish,M,Templeton MA US,2992 Leannon Divide Brewster MA 02631 US
d58321cb-1b70-49de-9122-d1f42cbada2a,1938-12-08,1970-01-01,999-86-9696,S99977902,X84349000X,Ms.,Kay434,Harris414,Unknown,Unknown,S,white,italian,F,Marlborough MA US,29568 Kutch Island Suite 369 Bourne MA 02532 US
6edcd602-0c17-4e9e-910e-81f4ab762ce0,2011-05-14,1970-01-01,999-28-7473,Unknown,Unknown,Unknown,Kirstin90,Witting42,Unknown,Unknown,Unknown,white,italian,F,Weymouth Town MA US,854 Estrella Cove Brewster MA 02631 US
ce71a315-5c45-43a9-ad95-7ca586c0ffcf,1962-12-03,1970-01-01,999-65-9452,S99930987,false,Mr.,Felicity587,Stiedemann204,Unknown,Unknown,M,white,italian,M,Boston MA US,33117 Dooley Springs Dennis MA 02638 US
8ca32584-5a96-4d33-8afd-69b91459338b,1935-03-29,1998-06-05,999-49-3044,S99985165,X65949434X,Mrs.,Verdie367,Wiegand309,Unknown,Huels132,M,white,irish,F,Wayland MA US,1877 Trantow Burg Suite 630 Brewster MA 02631 US
9e079516-5c4f-466e-b8eb-d4271fa534aa,1944-05-17,1970-01-01,999-86-3479,S99971774,false,Mr.,Samanta424,Tremblay677,Unknown,Unknown,S,white,german,M,Concord MA US,280 Smitham Ridge Suite 463 Bourne MA 02559 US
a4ea4733-492b-43bc-bedb-889348ca7c94,1949-05-15,2013-02-04,999-82-3880,S99949581,false,Mr.,Lauriane852,Wuckert330,Unknown,Unknown,M,white,irish,M,New Bedford MA US,422 Kathleen Walk Apt. 266 Barnstable MA 02630 US
8a5f9170-b229-4d13-92f3-7b57a3cdafbe,1964-12-28,1970-01-01,999-29-4079,S99987067,X52054524X,Mr.,Tito276,Beahan68,Unknown,Unknown,M,white,irish,M,Stoneham MA US,32022 Dell Junctions Apt. 909 Dennis MA 02638 US
ce90e0d2-b301-4e48-af29-accafb93920b,1942-11-13,2011-10-06,999-61-5913,S99934356,X43565814X,Mr.,Bert724,Willms946,Unknown,Unknown,S,white,german,M,Pittsfield MA US,129 O'Kon Skyway Suite 119 Bourne MA 02559 US
883390ae-3673-4de3-ae90-dadb9b0b12fc,1932-02-23,1998-05-12,999-72-7272,S99939038,X50891892X,Mr.,Marian362,Hayes298,Unknown,Unknown,M,white,german,M,Dalton MA US,74302 Abernathy Loaf Suite 878 Chatham MA 02633 US
2495b5f2-0ebd-4a1f-9728-4d748d38f692,1966-04-13,1970-01-01,999-14-8706,S99987082,X53198531X,Mr.,Lurline380,Kerluke442,Unknown,Unknown,M,white,french,M,Pittsfield MA US,81203 Nigel Lane Dennis MA 02638 US
849b7dc2-2773-40b5-a683-0fb8552db36c,2007-04-02,1970-01-01,999-30-1424,Unknown,Unknown,Unknown,Merlin131,Harris414,Unknown,Unknown,Unknown,white,french,M,Canton MA US,2536 Keeling Gateway Suite 977 Bourne MA 02559 US
82e253e6-39c1-413f-8eeb-61b582e3c642,1994-10-07,1970-01-01,999-26-9671,S99952574,X89697412X,Mr.,Danika421,Padberg141,Unknown,Unknown,Unknown,white,english,M,Clinton MA US,8146 Koch Orchard Bourne MA 02532 US
314e5a05-c45e-4107-bc5e-2b7d459120b9,1961-08-16,1970-01-01,999-31-7679,S99944519,X58078961X,Mr.,Ashlee33,Jacobson423,Unknown,Unknown,M,white,irish,M,Weymouth Town MA US,513 Nolan Hollow Apt. 807 Dennis MA 02638 US
0782a903-cf9a-4bf8-8c74-f259f507dbcc,1963-07-25,1970-01-01,999-38-2018,S99997631,X87248695X,Mr.,Alysa591,Wunsch975,Unknown,Unknown,M,white,italian,M,Middleborough MA US,85897 Oswald Vista Suite 193 Bourne MA 02559 US
0e84feab-d656-43be-9533-6f40d56d346e,1949-11-25,2006-03-31,999-69-2490,S99978532,X76001963X,Mr.,Taryn376,Waelchi583,Unknown,Unknown,M,white,irish,M,Milton MA US,90421 Katelyn Valley Bourne MA 02559 US
3c5af910-d145-4b2e-9a12-d31979735d4c,1948-12-31,1970-01-01,999-26-1101,S99947604,X80116430X,Mrs.,Olga337,Lakin227,Unknown,Mertz256,M,white,irish,F,Danvers MA US,306 Maryjane Lights Barnstable MA 02630 US
e6e24c4d-8a83-44a3-bc37-017b87a6f002,1945-05-06,2004-06-20,999-54-6160,S99997816,X60082586X,Mr.,Oswaldo357,Batz154,Unknown,Unknown,M,white,english,M,Dover MA US,659 Reta Dale Chatham MA 02633 US
96d762fe-980b-40ec-b32a-002c49de043e,1965-10-30,1992-05-03,999-82-1644,S99997447,X33173823X,Ms.,Jabari44,Kling350,Unknown,Unknown,Unknown,white,german,F,Revere MA US,576 Pacocha Corners Apt. 384 Barnstable MA 02630 US
c61f503a-e09f-46b5-8fcf-30132b9274d8,1915-05-21,1983-02-18,999-76-3420,S99920022,X57751126X,Mr.,Abner622,Hermiston969,Unknown,Unknown,M,white,italian,M,Westfield MA US,1730 Paucek Plains Suite 561 Brewster MA 02631 US
a51f8987-9b99-414f-9285-a90f63e20b6b,1947-02-17,2016-04-03,999-66-1368,S99945539,X65444904X,Mr.,Freida218,Johnston712,Unknown,Unknown,M,white,irish,M,North Reading MA US,68687 Willms Road Eastham MA 02642 US
971bac22-d7ee-460e-bdad-e8ee637a3d4c,1950-02-12,1970-01-01,999-58-6911,S99981213,false,Mr.,Marcel748,Jast36,Unknown,Unknown,M,white,irish,M,Seekonk MA US,3281 Kamryn Ford Brewster MA 02631 US
0fb17732-258a-4db0-bc02-04f4b0b434b8,1943-12-19,1970-01-01,999-17-8226,S99955793,false,Mr.,Monroe879,Muller695,Unknown,Unknown,M,white,english,M,Tewksbury MA US,7958 Howard Wells Barnstable MA 02630 US
941d1821-d83a-48da-b98d-f01e164940d7,1975-02-18,1970-01-01,999-81-7007,S99945353,X72882325X,Mrs.,Timmothy871,Lueilwitz132,Unknown,Reynolds509,M,white,american,F,Taunton MA US,8246 Kiehn Square Apt. 170 Barnstable MA 02630 US
3875c7bd-ae7f-42af-bb53-0159fb19bc4c,1952-04-05,1970-01-01,999-54-9065,S99977940,X99209661X,Mrs.,Luna513,Weimann154,Unknown,Sanford378,M,white,french,F,Stoughton MA US,12652 Lueilwitz Estate Dennis MA 02638 US
b5a1701d-aeb2-4999-87b1-47ac8cf4650f,1948-11-01,2009-10-12,999-36-8424,S99991125,false,Mr.,Hyman347,Barton127,Unknown,Unknown,M,white,irish,M,Dartmouth MA US,7716 Waelchi Underpass Apt. 518 Barnstable MA 02630 US
51673688-28d9-4525-963f-079e7eecff0b,1970-10-11,1970-01-01,999-29-8394,S99979458,false,Mr.,Ava910,Boyer430,Unknown,Unknown,M,white,english,M,Plympton MA US,94097 Legros Ways Barnstable MA 02630 US
3bbf0b24-6961-49a1-825e-154f47e0f175,1992-07-28,1970-01-01,999-18-5373,S99960771,X49728636X,Mr.,Dessie321,Quitzon525,Unknown,Unknown,Unknown,white,portuguese,M,Braintree Town MA US,779 Bins Mission Apt. 422 Eastham MA 02642 US
717f7554-1738-44aa-8795-3942bd7c6207,1962-02-15,1980-04-10,999-94-7218,S99973230,Unknown,Ms.,Kevin163,Lesch873,Unknown,Unknown,Unknown,white,italian,F,Pembroke MA US,3663 Koby Spur Suite 888 Bourne MA 02532 US
7663c4ed-341d-419f-b509-624b91250ccf,1931-10-01,1998-03-17,999-42-1696,S99975703,X19682765X,Mr.,Don505,Dooley964,Unknown,Unknown,M,white,german,M,Plymouth MA US,252 Yost Meadow Suite 891 Chatham MA 02633 US
9e10f243-4604-414f-b22f-7f4d51cb4d43,1928-11-23,1970-01-01,999-23-4698,S99926995,false,Mr.,Jasmin144,Wiza454,Unknown,Unknown,M,white,american,M,Fitchburg MA US,80942 Ethelyn Parkways Eastham MA 02642 US
e7522a66-554a-4b7d-b22f-783cb8b4ef0c,1946-06-16,2001-03-25,999-28-3317,S99916165,X71546049X,Mr.,Trent758,Hudson718,Unknown,Unknown,M,white,irish,M,Reading MA US,556 Carolyn Orchard Apt. 326 Barnstable MA 02630 US
a295a209-a4b2-4b70-8cbe-a309aeff4a67,1943-03-10,1970-01-01,999-64-2683,S99921062,X25317415X,Mr.,Jessyca589,Crona691,Unknown,Unknown,S,white,german,M,East Bridgewater MA US,318 Eula Forges Apt. 563 Bourne MA 02559 US
f10b8a14-4d83-4f17-91c5-3d6ad50cb822,1961-07-07,1970-01-01,999-49-9161,S99938980,false,Mrs.,Forest641,Friesen344,Unknown,Sipes861,M,white,french_canadian,F,Dennis MA US,83522 Christ Square Suite 339 Bourne MA 02532 US
5eaf6e2a-7c0b-49e8-acb6-e7012a26c5ca,1999-08-26,1970-01-01,999-64-5699,S99980485,Unknown,Unknown,Niko798,Blick838,Unknown,Unknown,Unknown,white,french,M,Medford MA US,4850 Luettgen Views Dennis MA 02638 US
00b5c4f7-d9bf-4e5a-93b7-45fd3cb822d0,1934-09-10,1970-01-01,999-70-9397,S99979083,false,Ms.,Keanu806,Green294,Unknown,Unknown,S,white,irish,F,Williamstown MA US,1413 Don Forest Suite 852 Brewster MA 02631 US
00e92806-018c-42a7-9562-2e936466f076,2007-11-05,1970-01-01,999-48-3198,Unknown,Unknown,Unknown,Laurianne985,Purdy670,Unknown,Unknown,Unknown,white,french_canadian,F,Boston MA US,5831 Sedrick Square Eastham MA 02642 US
061b3d18-31ab-48d6-84af-dd43d8866218,1966-04-27,1970-01-01,999-93-3201,S99956749,X15441316X,Mrs.,Jaylon961,Kohler651,Unknown,Kutch924,M,white,german,F,Pittsfield MA US,9404 Feest Locks Barnstable MA 02630 US
d6c0af7e-1e37-400e-a41a-25bb387857cd,1949-10-09,1970-01-01,999-83-2193,S99956125,false,Mr.,Hazle945,Lang183,Unknown,Unknown,S,white,irish,M,Wrentham MA US,907 Cartwright Field Suite 163 Bourne MA 02532 US
679717ee-52e6-4325-8135-1bee52dbc370,1927-06-01,2013-11-27,999-36-8387,S99911959,X31035959X,Mr.,Matt880,Cassin654,Unknown,Unknown,M,white,irish,M,Shrewsbury MA US,3676 Runte Trace Suite 217 Barnstable MA 02630 US
2de8f109-bb91-40ee-a11e-792fa7df7edb,1997-09-21,1970-01-01,999-48-9851,S99913381,Unknown,Ms.,Everett540,Ziemann220,Unknown,Unknown,Unknown,white,italian,F,Revere MA US,317 Charlotte Plain Suite 788 Eastham MA 02642 US
10bb562e-911c-4ead-b133-292e5ad57ea9,1945-04-20,1970-01-01,999-68-9797,S99921794,false,Mr.,Simeon876,Klein854,Unknown,Unknown,S,white,english,M,Taunton MA US,71485 Erdman Mall Suite 383 Chatham MA 02633 US
75955140-d9d2-421f-aa13-8ea0fa797576,1946-08-17,1970-01-01,999-71-3966,S99958037,X38992333X,Mr.,Keyon831,Nolan526,Unknown,Unknown,M,white,irish,M,Bolton MA US,6161 Rachelle Overpass Eastham MA 02642 US
188119d2-ba68-45b3-9002-df02a3f94ca5,1958-02-05,1970-01-01,999-56-9332,S99980427,X63056514X,Mrs.,Aniyah633,Nitzsche755,Unknown,Schuster783,M,white,french_canadian,F,Reading MA US,4794 Quitzon Groves Apt. 395 Barnstable MA 02630 US
ecc9a89c-c383-44b5-b9b3-4df4c31bee0b,1932-05-16,1986-01-06,999-68-5607,S99958328,X85256741X,Mr.,Nadia219,Jacobi20,Unknown,Unknown,S,white,german,M,Boston MA US,15944 Heidenreich Throughway Chatham MA 02633 US
60c8fbc2-c309-4c18-843e-9eb1cd25fd33,2012-10-27,1970-01-01,999-64-8923,Unknown,Unknown,Unknown,Kyra591,Turner704,Unknown,Unknown,Unknown,hispanic,puerto_rican,F,Brimfield MA US,46515 Borer Wall Apt. 419 Eastham MA 02642 US
369b6ed7-712d-445f-8768-671771979a0e,1915-05-23,2003-11-30,999-27-2710,S99951379,false,Mr.,Craig315,Daniel479,PhD,Unknown,M,white,italian,M,Medfield MA US,141 Schumm Squares Brewster MA 02631 US
813eeb37-3e6f-4851-bb00-3f2dc979431c,1960-07-16,1970-01-01,999-10-4382,S99932256,false,Mr.,Kris417,Smith331,Unknown,Unknown,M,white,italian,M,Methuen Town MA US,91728 Elliot Pines Apt. 758 Bourne MA 02559 US
e28f6fe3-5cdc-4e5b-aa34-af254a4bb782,1990-08-14,1970-01-01,999-77-7436,S99926895,X28054483X,Ms.,Kavon161,Lakin227,Unknown,Unknown,Unknown,white,french_canadian,F,Worcester MA US,414 Zechariah Ford Eastham MA 02642 US
1c5f0d39-6eda-4381-8d20-79c271f1d92d,1961-11-27,1970-01-01,999-71-9844,S99965862,X82999272X,Ms.,Laila570,Wisoky868,Unknown,Unknown,S,white,italian,F,Fitchburg MA US,499 Sporer Bridge Bourne MA 02559 US
9a4b6e6f-164b-4186-a8d4-62378f542886,1949-04-14,1970-01-01,999-15-7373,S99917432,false,Mr.,Jarod301,Rippin593,Unknown,Unknown,M,white,polish,M,Worcester MA US,868 Jones Fork Apt. 966 Bourne MA 02532 US
4407ab30-3f45-4ddb-b731-754421e16634,1924-10-11,2003-12-09,999-10-4664,S99911808,X87870435X,Mr.,Claude360,Smith331,Unknown,Unknown,M,white,irish,M,West Newbury MA US,799 Smitham Hollow Brewster MA 02631 US
2542b4bb-7b95-40c6-8964-456601ea571f,1948-06-21,1970-01-01,999-27-4675,S99971201,X99077799X,Mr.,Dion599,Schmidt185,Unknown,Unknown,M,white,irish,M,Belmont MA US,502 Schiller Road Barnstable MA 02630 US
0a3d7497-a923-4380-a11f-956a3836a59b,1999-06-09,1970-01-01,999-61-9390,S99969740,Unknown,Unknown,Mireille424,Dooley964,Unknown,Unknown,Unknown,white,irish,F,Millis MA US,497 Lucinda Islands Suite 746 Barnstable MA 02630 US
cb1eef92-f574-409f-8b8b-c5ef04431363,1918-04-30,1990-09-18,999-56-7698,S99978852,false,Mr.,Kylee374,Kautzer503,Unknown,Unknown,M,white,french,M,Billerica MA US,1229 Larkin Route Apt. 464 Brewster MA 02631 US
cd124e0b-e1da-433b-86ec-ae9c9f2baed4,1961-05-19,1970-01-01,999-24-4697,S99911675,false,Mr.,Bryana791,Halvorson364,Unknown,Unknown,M,white,italian,M,Worcester MA US,2047 Gilda Gardens Suite 939 Dennis MA 02638 US
d5cb4dc2-2e3e-455d-beb9-a4698908266e,1964-05-13,1970-01-01,999-61-1691,S99929599,X10568208X,Mr.,Orlo906,O'Reilly185,Unknown,Unknown,S,white,italian,M,Revere MA US,360 Jacobson Grove Apt. 422 Bourne MA 02532 US
af83d060-9b83-4c58-894b-6f90294d5b0d,1939-09-22,1970-01-01,999-69-3933,S99977607,false,Mrs.,Tristian614,O'Connell622,Unknown,Frami514,M,white,polish,F,Concord MA US,93784 Carey Center Apt. 549 Dennis MA 02638 US
3dbfae4a-2014-4dfd-a1a5-5ee7c4470c95,1947-05-24,1970-01-01,999-17-4174,S99979650,false,Mr.,Eugene603,Hills708,Unknown,Unknown,M,white,irish,M,Holliston MA US,2465 Everette Flats Suite 167 Barnstable MA 02630 US
fa2c7cd4-9d85-4392-9dd6-9d2d4eadd9cb,1954-06-25,2005-08-19,999-36-1943,S99919519,X89616154X,Mr.,Elizabeth687,Kuhic606,Unknown,Unknown,M,white,american,M,Taunton MA US,930 Kara Squares Eastham MA 02642 US
ac1672ec-04b7-4267-8a84-6beda464dd53,1987-08-20,1970-01-01,999-57-6541,S99945738,false,Mr.,Coralie738,Effertz898,Unknown,Unknown,M,white,italian,M,Wakefield MA US,9564 McGlynn Viaduct Brewster MA 02631 US
fd835588-2926-44d8-bb79-3abdef5f102c,2006-02-25,1970-01-01,999-14-3389,Unknown,Unknown,Unknown,Iliana634,Witting42,Unknown,Unknown,Unknown,white,french_canadian,M,Westport MA US,784 Carole Rapids Barnstable MA 02630 US
f010b641-e01f-495e-b1da-d132bae86605,1926-08-14,1999-03-23,999-26-7907,S99955997,false,Mr.,Alfred994,Hackett860,Unknown,Unknown,M,white,irish,M,Taunton MA US,8116 Era Square Apt. 261 Barnstable MA 02630 US
ffeaeec3-9729-40e7-b063-d427fe3c00f4,1944-10-26,1970-01-01,999-84-8117,S99914579,X54005446X,Mr.,Vallie43,Hauck487,Unknown,Unknown,S,white,irish,M,Arlington MA US,812 Mraz Fords Suite 744 Dennis MA 02638 US
d1f8be7c-c63b-4e3f-8688-318e76902353,1939-10-11,2000-03-15,999-33-5783,S99994549,X35205385X,Mrs.,Declan963,Greenholt748,Unknown,Bayer447,M,white,english,F,Swampscott MA US,2890 Quinton Turnpike Suite 388 Barnstable MA 02630 US
2be0a609-aca0-41f5-be36-6af64be1dedf,1936-02-10,2010-10-17,999-50-7173,S99919368,false,Mr.,Johnny855,Ernser904,Unknown,Unknown,M,white,irish,M,Lynn MA US,2958 Mayra Wall Eastham MA 02642 US
df56dfa2-be88-4a95-9e0c-074c98ba3ee4,1931-06-05,1996-11-08,999-98-3599,S99915423,false,Mr.,General418,Jacobs804,Unknown,Unknown,M,white,german,M,Belmont MA US,7646 Runolfsdottir Knolls Chatham MA 02633 US
8f9d2e0a-4e7f-43fb-9244-e244c2ff9d8c,1980-03-01,1970-01-01,999-75-9559,S99933782,X45277414X,Mr.,Catherine864,Aufderhar375,Unknown,Unknown,M,white,portuguese,M,Monson MA US,9935 Gibson Highway Dennis MA 02638 US
3975acf3-ed5a-4c67-a6ff-8bba98d5d658,1914-10-31,1984-06-30,999-42-4454,S99970748,X20257336X,Mr.,Serena984,Parker50,Unknown,Unknown,M,white,italian,M,Boston MA US,49556 Enoch Alley Apt. 778 Brewster MA 02631 US
d19c934b-380a-426d-8bee-f3b3fe0981ba,1960-11-30,1970-01-01,999-11-7878,S99947433,false,Mr.,Hank666,Kunde76,Unknown,Unknown,M,white,italian,M,Brewster MA US,93531 O'Hara Island Bourne MA 02559 US
2fe24747-aa48-4601-a1e0-5990ff29eca0,1964-05-11,2013-11-30,999-23-1698,S99988386,X46464590X,Mr.,Kian68,Hayes298,Unknown,Unknown,M,white,italian,M,Fall River MA US,19761 Dickens Oval Bourne MA 02532 US
1825d1e3-c417-40c1-8de5-27dc97b319cb,1954-12-10,1997-05-30,999-97-7622,S99933285,X29470956X,Mr.,Aryanna361,Ferry724,Unknown,Unknown,M,white,american,M,Somerville MA US,7531 Sarah Isle Suite 349 Eastham MA 02642 US
f3003c73-8b21-4725-a36e-d990aee903b6,2009-10-29,1970-01-01,999-16-3228,Unknown,Unknown,Unknown,Devante566,Kessler695,Unknown,Unknown,Unknown,white,english,M,North Reading MA US,476 Rogahn Plaza Apt. 756 Dennis MA 02638 US
e39d04a0-3798-4223-81be-59383273d4eb,1981-03-22,1970-01-01,999-24-9271,S99915921,X52777448X,Mr.,Abigale428,Hahn546,Unknown,Unknown,M,white,french,M,Somerville MA US,8366 Janelle Pike Bourne MA 02532 US
3716bdd6-9d69-46f8-9855-93ae5b4678ec,2012-04-08,1970-01-01,999-92-5147,Unknown,Unknown,Unknown,Nova39,Rodriguez435,Unknown,Unknown,Unknown,white,irish,F,Lexington MA US,94995 Mireya Motorway Apt. 946 Dennis MA 02638 US
5fbe99b3-b75c-4137-9a01-2b4ce44af377,1946-10-14,1970-01-01,999-96-2926,S99946514,X52870712X,Mrs.,Leslie431,Blick838,Unknown,Moen889,M,white,italian,F,Waltham MA US,3553 Gertrude Mountains Suite 513 Brewster MA 02631 US
4aba75b3-47f1-4b2b-b06a-587ec9364d51,1968-12-14,1970-01-01,999-32-1306,S99948377,false,Mr.,Filomena562,Collier923,Unknown,Unknown,M,white,irish,M,Marion MA US,8733 Yadira Gardens Suite 259 Barnstable MA 02630 US
c65a7045-bd70-42a7-9477-c8e590917573,1925-05-30,2002-12-07,999-80-4198,S99956732,X35116132X,Mr.,Lane606,Rohan159,Unknown,Unknown,S,white,irish,M,Springfield MA US,658 Kuhic Valleys Brewster MA 02631 US
113aa48b-d85d-4917-b929-f68d29207767,1918-02-05,1991-03-04,999-57-6812,S99970036,false,Mr.,Antwon948,Gleason78,Unknown,Unknown,M,white,french,M,Pittsfield MA US,393 Herman Street Brewster MA 02631 US
b7d49b09-125d-48aa-a820-88d1c6f22c44,1944-01-21,1970-01-01,999-96-8457,S99982312,false,Mr.,Elyssa697,Bode541,Unknown,Unknown,M,white,polish,M,Randolph MA US,83271 Krajcik Corners Bourne MA 02559 US
2fe70e5d-5f2b-4b93-8fda-ce262618d4ae,1952-10-22,1970-01-01,999-55-2342,S99959216,false,Mrs.,Domenic176,Mills246,Unknown,Rempel179,M,white,russian,F,Amesbury Town MA US,45343 Wiegand Creek Apt. 213 Bourne MA 02559 US
eb881044-6a18-4016-90d3-7ebe4dbf6bb5,1943-04-03,1970-01-01,999-34-4018,S99928815,false,Mrs.,Mose98,Koelpin932,Unknown,Rosenbaum734,M,white,portuguese,F,Boston MA US,60673 Elisha Stravenue Suite 208 Brewster MA 02631 US
e7a03888-f84a-4db6-9353-05437dce312c,2001-07-31,1970-01-01,999-88-1137,Unknown,Unknown,Unknown,Evalyn417,Klein854,Unknown,Unknown,Unknown,white,italian,F,Pittsfield MA US,860 Roberto Rapid Suite 334 Dennis MA 02638 US
d047892c-a883-4c32-8af4-22e4fa889363,1950-03-10,1970-01-01,999-80-2704,S99947440,X73648716X,Mrs.,Mina913,Kemmer828,Unknown,Lemke426,M,white,italian,F,Saugus MA US,39902 Beatty Park Bourne MA 02559 US
c9778dad-6627-481c-a6bc-2b816f9a7ac9,1936-05-15,1995-12-08,999-96-7335,S99984423,X89287586X,Mr.,Melody992,Smitham188,Unknown,Unknown,M,white,irish,M,Acushnet MA US,707 McGlynn Valley Eastham MA 02642 US
14b0ebd6-a929-4738-90e4-e5a54bec4f40,1926-10-15,2002-05-17,999-44-3902,S99970033,false,Mr.,Ferne345,Paucek740,Unknown,Unknown,M,white,irish,M,Ludlow MA US,459 Ari Greens Suite 974 Barnstable MA 02630 US
f3cb0dd9-687a-4b02-b19b-f6ab22131594,1939-12-15,2003-06-20,999-83-7171,S99952749,false,Mrs.,Rachelle19,Metz969,Unknown,Lemke426,M,white,english,F,Fairhaven MA US,84053 Odell Forge Suite 681 Barnstable MA 02630 US
ec753196-6f0f-474a-ad99-3993f10996b8,1952-10-17,1988-12-16,999-77-4143,S99972794,X35388358X,Mr.,Uriel879,Raynor431,Unknown,Unknown,M,white,american,M,Boston MA US,6108 Hilll Route Barnstable MA 02630 US
85c6aac8-e015-4108-8588-7a1edf6aee22,1997-02-06,1970-01-01,999-42-8666,S99936548,X32715258X,Mr.,Delbert985,Kuhlman369,Unknown,Unknown,Unknown,hispanic,puerto_rican,M,Tewksbury MA US,31563 Molly Village Suite 290 Dennis MA 02638 US
c1e9ce8c-e9ef-48cf-bd89-0872a33396e0,1914-12-11,1965-03-21,999-62-6851,S99967151,X57643081X,Mr.,Wilfrid500,Pollich854,Unknown,Unknown,M,white,italian,M,Attleboro MA US,880 Wisoky Mission Brewster MA 02631 US
a301bdfb-5e69-4d0f-ba80-3ec441025f99,1963-08-12,1970-01-01,999-28-1555,S99971421,false,Mr.,Marquis559,O'Kon554,Unknown,Unknown,M,white,italian,M,Holbrook MA US,343 Jacobi Isle Bourne MA 02532 US
013149a0-75b1-44d0-988b-ddbff00fc84a,2005-09-16,1970-01-01,999-78-7824,Unknown,Unknown,Unknown,Elmer513,Stehr266,Unknown,Unknown,Unknown,white,irish,M,Plymouth MA US,816 Effertz Parkway Apt. 251 Eastham MA 02642 US
0f839797-7ec6-458d-b007-e27cb932c7ef,1992-11-07,1970-01-01,999-62-8716,S99913346,X93627533X,Ms.,Kaylee984,Brakus374,Unknown,Unknown,Unknown,white,russian,F,Attleboro MA US,486 Huel Shore Dennis MA 02638 US
5fc742f4-10d3-4676-95a9-d3f293efebb0,1955-04-27,1970-01-01,999-90-6918,S99962150,false,Ms.,Lue54,Shields707,Unknown,Unknown,S,white,portuguese,F,Everett MA US,371 Mante Ford Apt. 485 Barnstable MA 02630 US
8b404bd4-79fb-40b0-afcf-a17ecae43610,1968-06-19,1970-01-01,999-34-9500,S99935373,X91515561X,Mr.,Lawrence169,Jacobson423,Unknown,Unknown,M,white,irish,M,Woburn MA US,279 Sheridan Lake Dennis MA 02638 US
abd9fd53-d29e-4cba-ac5d-4a05bfc913f7,1955-08-26,1970-01-01,999-78-9704,S99964612,false,Ms.,Mary693,Orn772,Unknown,Unknown,S,white,french,F,West Tisbury MA US,62081 Leonora Points Dennis MA 02638 US
65064da3-fcae-4e5b-9925-a82d2e5d0047,1932-02-27,1970-01-01,999-30-5352,S99953492,false,Mr.,Elyse925,Wunsch975,Unknown,Unknown,M,white,german,M,Becket MA US,44586 Stanley Key Apt. 531 Chatham MA 02633 US
4527e5ea-adb1-4bb7-be2f-9818f9285b6e,1954-09-25,1970-01-01,999-34-7612,S99996838,X91525764X,Mr.,Oliver725,Baumbach589,Unknown,Unknown,M,white,american,M,Lakeville MA US,6511 Kenyatta Summit Suite 798 Eastham MA 02642 US
888aae4e-09c0-4703-b5c4-59bab12b3f6f,1940-01-10,1973-09-26,999-66-4477,S99923902,false,Mrs.,Mauricio959,Swift300,Unknown,Bayer447,M,white,english,F,Webster MA US,74394 Klein Turnpike Apt. 445 Barnstable MA 02630 US
d4fcd3fe-2391-48ac-ac75-476b32b5ad40,1942-02-14,1970-01-01,999-61-3005,S99950161,false,Mrs.,Anjali865,Mohr717,Unknown,Kiehn48,M,white,english,F,Franklin Town MA US,484 Hipolito Course Dennis MA 02638 US
308adb27-ee89-4269-8c4e-8e99cfcb515b,2014-04-17,1970-01-01,999-39-8163,Unknown,Unknown,Unknown,Orion743,Kreiger751,Unknown,Unknown,Unknown,black,dominican,F,Needham MA US,53309 Greenfelder Via Dennis MA 02638 US
aee22aed-941c-449b-8ce8-56d9794e3a1f,1994-10-14,1970-01-01,999-76-9128,S99960348,false,Ms.,Mariane541,Lang183,Unknown,Unknown,Unknown,white,italian,F,Worcester MA US,210 Marcella Spur Eastham MA 02642 US
80484b30-fde6-48f1-a63d-92f62813d904,1947-10-31,1970-01-01,999-12-8303,S99928465,X20867282X,Ms.,Aubree187,Conroy173,Unknown,Unknown,S,white,irish,F,Framingham MA US,87608 Kyle Plain Apt. 101 Bourne MA 02532 US
a593f9d3-d9e6-4827-93c9-16010ad7eab7,1945-05-12,1970-01-01,999-55-6434,S99920062,false,Mrs.,Simone604,Okuneva477,Unknown,Herzog437,M,white,italian,F,New Bedford MA US,7039 Wehner Forge Dennis MA 02638 US
c530d394-8122-4b85-aeb3-bc48b24316f9,1917-10-20,2001-01-13,999-98-2268,S99945525,false,Mr.,Alexa805,Rogahn51,Unknown,Unknown,S,white,french,M,Boston MA US,468 Walsh Prairie Brewster MA 02631 US
05e62300-54e7-4d10-8edb-0eee0810da4e,2008-08-11,1970-01-01,999-65-8719,Unknown,Unknown,Unknown,Eugene603,Lemke426,Unknown,Unknown,Unknown,white,portuguese,F,Lynn MA US,79166 Milton Club Apt. 244 Bourne MA 02559 US
59d5b391-f5fd-4f65-b582-891f9a6e1d54,2003-07-10,1970-01-01,999-26-9177,Unknown,Unknown,Unknown,Zola864,Ullrich980,Unknown,Unknown,Unknown,white,french,M,Newton MA US,422 Schultz Villages Apt. 726 Dennis MA 02638 US
9457f835-3789-4479-9d19-31b5e0a22add,1957-11-14,1970-01-01,999-42-5959,S99960336,X57726085X,Mr.,Frederic859,Kirlin427,Unknown,Unknown,M,white,irish,M,Mattapoisett MA US,3237 Little Trail Apt. 406 Eastham MA 02642 US
14dc1976-efe6-411d-88b5-832d624b00c9,2010-09-07,1970-01-01,999-53-7370,Unknown,Unknown,Unknown,May707,West109,Unknown,Unknown,Unknown,white,italian,F,Boston MA US,752 Donna Crest Bourne MA 02532 US
47e57a7e-fa74-4952-9a0d-0c73cc5adc1b,1936-02-08,2007-02-09,999-24-7048,S99990167,false,Mr.,Cathy167,Buckridge922,Unknown,Unknown,M,white,irish,M,Salem MA US,886 Brenda Spur Eastham MA 02642 US
fbfd31e4-558c-404f-9d01-82fbf7ec6db3,1952-09-30,1970-01-01,999-89-5775,S99995277,X41708984X,Mr.,Humberto795,Towne182,Unknown,Unknown,M,white,american,M,North Attleborough MA US,86437 Buckridge Mills Suite 595 Barnstable MA 02630 US
08f7671a-53ba-4123-a820-94ad5a308bea,1996-06-28,1970-01-01,999-13-7090,S99966239,false,Mr.,Anderson574,Thiel785,Unknown,Unknown,Unknown,white,english,M,Weymouth Town MA US,6610 Mills Square Bourne MA 02559 US
3cd98d47-1e79-402a-b68e-a92fe3f70f3c,1924-08-24,2013-10-13,999-60-3473,S99968817,X61270936X,Mr.,Nola225,Runte133,Unknown,Unknown,M,white,irish,M,Dennis MA US,4959 O'Kon Mount Apt. 151 Brewster MA 02631 US
c853edd1-fde9-4f84-84e7-4de71c0d917a,1951-05-03,1999-09-08,999-69-4899,S99990720,false,Mrs.,Trenton152,Conroy173,Unknown,Cummerata691,M,white,italian,F,Everett MA US,65588 Gunner Meadow Eastham MA 02642 US
1006d824-56c2-414e-bf04-5a4b5b9cdd39,1935-08-27,1936-08-11,999-57-9027,Unknown,Unknown,Unknown,Tyrique337,Rau695,Unknown,Unknown,Unknown,white,irish,M,Lawrence MA US,197 Cristopher Motorway Eastham MA 02642 US
a5ce8dd7-ef49-4ec2-8d30-2b8592507ab4,1966-02-28,1970-01-01,999-95-3101,S99973651,X96340390X,Mr.,Halie609,Kassulke64,Unknown,Unknown,S,white,irish,M,Holliston MA US,4613 Dolly Ways Suite 661 Eastham MA 02642 US
07ffae4a-b8be-483d-858f-aca3d4722ece,1944-01-10,1989-11-04,999-43-6608,S99979882,false,Mr.,Deangelo89,Abbott992,Unknown,Unknown,S,white,italian,M,Franklin Town MA US,41442 King Burgs Chatham MA 02633 US
ffc4bf89-4aa3-4da2-b08c-2911fb1d7569,1914-08-31,1989-05-15,999-68-5627,S99966372,false,Mr.,Jarret633,Green294,Unknown,Unknown,M,white,italian,M,Cambridge MA US,797 Joel Row Brewster MA 02631 US
14cdd31e-12a0-4fe8-b786-6178080ff490,1951-10-27,2004-09-05,999-39-6518,S99959081,X16534098X,Mr.,Mario644,Weissnat619,Unknown,Unknown,M,white,irish,M,Haverhill MA US,9337 Aniya Forge Eastham MA 02642 US
5f454e36-2147-4cba-b075-8dc4d4bcc896,1970-06-12,1970-01-01,999-93-7494,S99977635,X56366743X,Mr.,Joshua105,Stark933,Unknown,Unknown,M,white,american,M,Hudson MA US,461 Noel Expressway Apt. 771 Eastham MA 02642 US
a8a02618-f526-49a2-8b73-424aca99b4a9,1926-11-15,2014-07-14,999-50-7885,S99948917,false,Mr.,Darrel434,Hintz969,Unknown,Unknown,M,white,irish,M,Methuen Town MA US,79786 Brandon Skyway Barnstable MA 02630 US
40bcafb2-7385-4e97-a4dd-d416e4d0ca3b,1969-01-23,1970-01-01,999-17-4472,S99947924,false,Ms.,Eladio206,Little137,Unknown,Unknown,S,white,italian,F,Gloucester MA US,912 Morar Point Apt. 363 Falmouth MA 02543 US
9c901258-d975-4e61-8118-84f7f45c694c,1993-06-24,1970-01-01,999-14-8638,S99943246,false,Mr.,Ike113,Harris414,Unknown,Unknown,Unknown,white,english,M,Wellesley MA US,37942 Torphy Pines Barnstable MA 02630 US
c1fd55ca-aab5-41fc-b3d0-20540636983b,1991-04-05,1970-01-01,999-78-8728,S99999652,false,Ms.,Kylee374,Goldner731,Unknown,Unknown,Unknown,white,italian,F,Hadley MA US,139 Retta Unions Apt. 343 Bourne MA 02559 US
2c63eac7-fb20-44bc-b497-35d014436d3f,2017-04-06,1970-01-01,999-32-5679,Unknown,Unknown,Unknown,Drew138,McLaughlin683,Unknown,Unknown,Unknown,white,german,M,Framingham MA US,280 Ward Mountain Barnstable MA 02630 US
ee27507a-28f3-47f9-8d11-7470bb79f6d6,1925-02-17,1963-04-20,999-49-1714,S99955343,false,Mr.,Leonor21,Barrows622,Unknown,Unknown,S,white,irish,M,Norwood MA US,375 Alanis Center Suite 285 Brewster MA 02631 US
ae0a1b08-27c6-4e58-822f-79d24642237b,1972-06-15,1970-01-01,999-39-5485,S99915575,X57862068X,Ms.,Clarissa701,Davis936,Unknown,Unknown,S,white,american,F,Lynn MA US,649 Kulas Ways Bourne MA 02532 US
13d9f844-d1a6-46c7-a588-9343814b9665,1992-12-24,1970-01-01,999-92-6942,S99961411,false,Mr.,Roslyn561,Kunze233,Unknown,Unknown,Unknown,white,italian,M,Boston MA US,19832 Bridget Knoll Apt. 158 Barnstable MA 02630 US
aaf1bead-5c22-4712-a7e2-f730f34a1ac1,1918-03-14,1980-06-26,999-96-4858,S99977336,X44301124X,Mr.,Aliya132,Kautzer503,Unknown,Unknown,S,white,french,M,Methuen Town MA US,311 Dietrich Ville Suite 549 Brewster MA 02631 US
6a157f23-bf08-437b-9916-0c8fec50b3ca,1949-05-18,2003-05-28,999-26-8144,S99974497,X26905107X,Mrs.,Aliyah313,Mayert708,Unknown,Runolfsson51,M,white,scottish,F,Holliston MA US,86484 Orn Villages Dennis MA 02638 US
a211c643-8ae9-4060-9baa-3c1355d50bf7,1970-05-22,1970-01-01,999-47-2813,S99938380,false,Mr.,Lamont145,Hoppe616,Unknown,Unknown,M,white,french_canadian,M,Plymouth MA US,806 Elnora Rapids Suite 960 Bourne MA 02532 US
202091f3-a9b8-4a50-a5ce-38f7941dcfcb,1986-08-19,1970-01-01,999-15-9066,S99997403,false,Mrs.,Giuseppe148,Carter465,Unknown,Hilll263,M,white,irish,F,Boston MA US,737 Roberts Corners Suite 915 Falmouth MA 02541 US
431bd7b0-bee5-4d30-9177-d958ea2bf730,2014-08-07,1970-01-01,999-86-7247,Unknown,Unknown,Unknown,Cyrus724,Gibson264,Unknown,Unknown,Unknown,white,irish,M,Danvers MA US,486 Eduardo Trafficway Barnstable MA 02630 US
82bec045-6876-4bd9-a2a7-e15435c5c236,1959-07-10,2016-03-31,999-14-8166,S99952966,false,Mr.,Sheldon662,Pfeffer398,Unknown,Unknown,S,white,italian,M,Fitchburg MA US,828 Aliya Common Bourne MA 02532 US
59c82001-5c0c-4b2b-883d-82ee4eae09ae,1940-05-22,1970-01-01,999-43-9816,S99969145,false,Mrs.,Jordi567,McLaughlin683,Unknown,Fisher341,M,white,english,F,Easton MA US,11145 Yasmine Path Apt. 541 Barnstable MA 02630 US
5a5599a5-db8f-489d-a5e1-b4fd80307312,1948-03-20,1970-01-01,999-89-1684,S99955690,false,Mr.,Baron126,Schultz126,Unknown,Unknown,S,white,french_canadian,M,Tisbury MA US,494 Raven Crest Bourne MA 02559 US
260418ce-517f-4759-a279-015aabeb571e,1944-04-20,2010-07-01,999-39-1587,S99963215,false,Mr.,Moises266,Stracke505,Unknown,Unknown,M,white,italian,M,Wakefield MA US,11469 Loren Lights Apt. 927 Chatham MA 02633 US
da1328b2-010e-4a49-ba6d-af76bdfbfc3f,1968-05-29,1970-01-01,999-20-5174,S99915912,X42673922X,Mrs.,Sienna360,Harber199,Unknown,Romaguera43,M,white,portuguese,F,Acton MA US,6885 Adele Hill Apt. 675 Barnstable MA 02630 US
686a2f33-da96-4f39-a7d5-4549c1c4abb6,1959-08-30,1981-11-08,999-57-8816,S99960748,false,Mr.,Mitchel320,Stokes62,Unknown,Unknown,Unknown,white,italian,M,Milford MA US,672 Wilkinson Lake Suite 857 Bourne MA 02559 US
666b9bcd-71a6-45b7-89d1-a4aa2c3ac256,2006-10-23,1970-01-01,999-91-2169,Unknown,Unknown,Unknown,Jerrold894,Sipes861,Unknown,Unknown,Unknown,white,french,M,Easthampton Town MA US,50301 Effie Centers Apt. 248 Eastham MA 02642 US
2f1c0a0b-55d3-4917-9741-89828468bbd1,1946-12-16,1993-07-01,999-45-4483,S99936336,X53839462X,Mr.,Ellis186,Breitenberg101,Unknown,Unknown,M,white,irish,M,Stoneham MA US,14652 Cremin Ridge Suite 111 Dennis MA 02638 US
3c69fda8-1a90-44a4-86b0-eb033f1234b4,1926-07-14,2004-03-31,999-62-8970,S99956022,X70990519X,Mr.,Isabel749,Lesch873,Unknown,Unknown,M,white,irish,M,Franklin Town MA US,3563 Gretchen Via Barnstable MA 02630 US
e8332bd4-5cdb-4ddc-997c-cafc737c168a,1936-04-14,1970-01-01,999-22-7630,S99929690,X70135123X,Mr.,Jordi567,Schuppe693,Unknown,Unknown,S,white,irish,M,Lowell MA US,8312 Pete Underpass Suite 439 Eastham MA 02642 US
e8767f34-a930-4160-b495-f9597c7eb6bf,1951-10-17,1970-01-01,999-63-1302,S99941494,X73969919X,Mr.,Harmon221,Little137,Unknown,Unknown,M,white,irish,M,Orange MA US,9064 Pfeffer Lodge Eastham MA 02642 US
14c20fa4-abc4-4848-b392-5979b43911e1,1951-03-18,1970-01-01,999-27-4153,S99979143,false,Mrs.,Albertha32,Jacobson423,Unknown,Terry419,M,white,italian,F,Boston MA US,695 Sunny Overpass Eastham MA 02642 US
cb4dcf9b-f5aa-496b-a574-1e75518078b9,1925-02-09,1984-08-20,999-67-8451,S99974580,X73136615X,Mr.,Berenice564,Parisian693,Unknown,Unknown,M,white,irish,M,Barre MA US,6102 Alberta Crossroad Brewster MA 02631 US
fd370498-154d-4aab-863c-3dfc4b8ab1d7,1953-12-18,1970-01-01,999-32-3719,S99987774,X93018193X,Mrs.,Orrin666,Baumbach589,Unknown,Ferry724,M,white,italian,F,Springfield MA US,42273 Wallace Mount Apt. 884 Barnstable MA 02630 US
392a79b7-74cd-44d7-80bf-2eb89eaf3154,1967-03-16,1970-01-01,999-94-9773,S99993789,false,Mr.,Fermin678,Crooks652,Unknown,Unknown,M,white,polish,M,Wrentham MA US,9355 Hintz Expressway Suite 137 Barnstable MA 02630 US
ad33b1a6-f747-4fea-b6e7-019e4a94012e,1926-11-06,2016-07-09,999-94-6901,S99928588,false,Mr.,Hubert442,Kihn941,PhD,Unknown,M,white,italian,M,East Longmeadow MA US,10488 Jacques Corner Brewster MA 02631 US
32b61275-484c-487b-a76a-4c0bb93e6ca8,1961-01-13,1970-01-01,999-31-2128,S99999083,X97591823X,Mr.,Esta816,Terry419,Unknown,Unknown,M,white,italian,M,Boxford MA US,50547 Columbus Estate Suite 255 Falmouth MA 02540 US
01e05753-8b4d-4766-a87b-b278ecc7fb18,1998-02-06,1970-01-01,999-85-4980,S99942048,Unknown,Mr.,Nicola816,Graham147,Unknown,Unknown,Unknown,white,polish,M,Rockland MA US,218 Leta Hill Apt. 702 Chatham MA 02633 US
74e8d78f-85f7-4966-bf0b-a409806dfd7d,1917-09-09,1982-08-06,999-44-3880,S99980359,false,Mr.,Andres733,Wolf429,Unknown,Unknown,M,white,french,M,Fall River MA US,77830 Spencer Fall Brewster MA 02631 US
236868d2-d28e-4417-aac9-2eb2a2413303,1995-02-01,1970-01-01,999-39-6927,S99946512,false,Mr.,Destiny779,Prohaska606,Unknown,Unknown,Unknown,white,irish,M,Needham MA US,4845 Beaulah Knolls Chatham MA 02633 US
69081543-5c37-459b-ad83-62858878437d,1952-10-14,1970-01-01,999-18-8782,S99988778,false,Mrs.,Kirstin90,Shields707,Unknown,Kirlin427,M,white,portuguese,F,Hubbardston MA US,984 Mossie Hills Apt. 441 Dennis MA 02638 US
